Notes	ManualCheck	MergeInto	RenameEntitySet	KeyParamGroup	EntitySet	ParamGroup	ArterialSpinLabelingType	BackgroundSuppression	BackgroundSuppressionNumberPulses	Cluster_EchoTime	Cluster_EffectiveEchoSpacing	Cluster_RepetitionTime	Cluster_TotalReadoutTime	Cluster_VoxelSizeDim1	Cluster_VoxelSizeDim2	Cluster_VoxelSizeDim3	Counts	Dim1Size	Dim2Size	Dim3Size	EchoTime	EffectiveEchoSpacing	EntitySetCount	FlipAngle	HasFieldmap	ImageOrientation	M0Type	Modality	MultibandAccelerationFactor	NSliceTimes	NumVolumes	Obliquity	PCASLType	ParallelReductionFactorInPlane	PartialFourier	PhaseEncodingDirection	RepetitionTime	TotalReadoutTime	UsedAsFieldmap	VoxelSizeDim1	VoxelSizeDim2	VoxelSizeDim3
				datatype-anat_reconstruction-norm_run-01_suffix-T1w__1	datatype-anat_reconstruction-norm_run-01_suffix-T1w	1				0		0		0	0	0	224	176	256	256	0.0029		224	8	FALSE	RAS+		anat		0	1	FALSE		2	1		2.5		FALSE	1	1	1
				datatype-anat_reconstruction-norm_run-01_suffix-T2w__1	datatype-anat_reconstruction-norm_run-01_suffix-T2w	1				0		0		0	0	0	224	176	256	256	0.565		224	120	FALSE	RAS+		anat		0	1	FALSE		2	1	i	3.2		FALSE	1	1	1
				datatype-anat_run-01_suffix-T2w__1	datatype-anat_run-01_suffix-T2w	1				0		0		0	0	0	220	176	256	256	0.565		220	120	FALSE	RAS+		anat		0	1	FALSE		2	1	i	3.2		FALSE	1	1	1
				datatype-anat_reconstruction-norm_run-02_suffix-T1w__1	datatype-anat_reconstruction-norm_run-02_suffix-T1w	1				0		0		0	0	0	17	176	256	256	0.0029		17	8	FALSE	RAS+		anat		0	1	FALSE		2	1		2.5		FALSE	1	1	1
				datatype-anat_reconstruction-norm_run-02_suffix-T2w__1	datatype-anat_reconstruction-norm_run-02_suffix-T2w	1				0		0		0	0	0	9	176	256	256	0.565		9	120	FALSE	RAS+		anat		0	1	FALSE		2	1	i	3.2		FALSE	1	1	1
				datatype-anat_run-02_suffix-T2w__1	datatype-anat_run-02_suffix-T2w	1				0		0		0	0	0	9	176	256	256	0.565		9	120	FALSE	RAS+		anat		0	1	FALSE		2	1	i	3.2		FALSE	1	1	1
				datatype-anat_reconstruction-norm_run-03_suffix-T1w__1	datatype-anat_reconstruction-norm_run-03_suffix-T1w	1				0		0		0	0	0	2	176	256	256	0.0029		2	8	FALSE	RAS+		anat		0	1	FALSE		2	1		2.5		FALSE	1	1	1
				datatype-dwi_run-01_suffix-dwi__1	datatype-dwi_run-01_suffix-dwi	1				0	0	0	0	0	0	0	192	140	140	81	0.089	0.000689998	223	90	FALSE	LAS+		dwi	3	81	103	TRUE			0.75	j	4.2	0.0959097	FALSE	1.7142857313156128	1.7142857313156128	1.6999999284744263
			acquisition-VARIANTObliquity_datatype-dwi_run-01_suffix-dwi	datatype-dwi_run-01_suffix-dwi__2	datatype-dwi_run-01_suffix-dwi	2				0	0	0	0	0	0	0	23	140	140	81	0.089	0.000689998	223	90	FALSE	LAS+		dwi	3	81	103	FALSE			0.75	j	4.2	0.0959097	FALSE	1.7142857313156128	1.7142857313156128	1.7000000476837158
			acquisition-VARIANTNumVolumes_datatype-dwi_run-01_suffix-dwi	datatype-dwi_run-01_suffix-dwi__3	datatype-dwi_run-01_suffix-dwi	3				0	0	0	0	0	0	0	1	140	140	81	0.089	0.000689998	223	90	FALSE	LAS+		dwi	3	81	7	TRUE			0.75	j	4.2	0.0959097	FALSE	1.7142900228500366	1.7142900228500366	1.7000000476837158
			acquisition-VARIANTNumVolumes_datatype-dwi_run-01_suffix-dwi	datatype-dwi_run-01_suffix-dwi__4	datatype-dwi_run-01_suffix-dwi	4				0	0	0	0	0	0	0	1	140	140	81	0.089	0.000689998	223	90	FALSE	LAS+		dwi	3	81	17	TRUE			0.75	j	4.2	0.0959097	FALSE	1.7142857313156128	1.7142857313156128	1.7000000476837158
			acquisition-VARIANTNumVolumes_datatype-dwi_run-01_suffix-dwi	datatype-dwi_run-01_suffix-dwi__5	datatype-dwi_run-01_suffix-dwi	5				0	0	0	0	0	0	0	1	140	140	81	0.089	0.000689998	223	90	FALSE	LAS+		dwi	3	81	6	TRUE			0.75	j	4.2	0.0959097	FALSE	1.7142857313156128	1.7142857313156128	1.6999999284744263
			acquisition-VARIANTNumVolumes_datatype-dwi_run-01_suffix-dwi	datatype-dwi_run-01_suffix-dwi__6	datatype-dwi_run-01_suffix-dwi	6				0	0	0	0	0	0	0	1	140	140	81	0.089	0.000689998	223	90	FALSE	LAS+		dwi	3	81	56	TRUE			0.75	j	4.2	0.0959097	FALSE	1.7142900228500366	1.7142900228500366	1.7000000476837158
			acquisition-VARIANTNumVolumes_datatype-dwi_run-01_suffix-dwi	datatype-dwi_run-01_suffix-dwi__7	datatype-dwi_run-01_suffix-dwi	7				0	0	0	0	0	0	0	1	140	140	81	0.089	0.000689998	223	90	FALSE	LAS+		dwi	3	81	60	TRUE			0.75	j	4.2	0.0959097	FALSE	1.7142857313156128	1.7142857313156128	1.7000000476837158
			acquisition-VARIANTNumVolumes_datatype-dwi_run-01_suffix-dwi	datatype-dwi_run-01_suffix-dwi__8	datatype-dwi_run-01_suffix-dwi	8				0	0	0	0	0	0	0	1	140	140	81	0.089	0.000689998	223	90	FALSE	LAS+		dwi	3	81	67	TRUE			0.75	j	4.2	0.0959097	FALSE	1.7142857313156128	1.7142857313156128	1.6999999284744263
			acquisition-VARIANTNumVolumes_datatype-dwi_run-01_suffix-dwi	datatype-dwi_run-01_suffix-dwi__9	datatype-dwi_run-01_suffix-dwi	9				0	0	0	0	0	0	0	1	140	140	81	0.089	0.000689998	223	90	FALSE	LAS+		dwi	3	81	18	TRUE			0.75	j	4.2	0.0959097	FALSE	1.7142857313156128	1.7142857313156128	1.6999999284744263
			acquisition-VARIANTNumVolumes_datatype-dwi_run-01_suffix-dwi	datatype-dwi_run-01_suffix-dwi__10	datatype-dwi_run-01_suffix-dwi	10				0	0	0	0	0	0	0	1	140	140	81	0.089	0.000689998	223	90	FALSE	LAS+		dwi	3	81	85	TRUE			0.75	j	4.2	0.0959097	FALSE	1.7142857313156128	1.7142857313156128	1.7000000476837158
				datatype-dwi_run-02_suffix-dwi__1	datatype-dwi_run-02_suffix-dwi	1				0	0	0	0	0	0	0	7	140	140	81	0.089	0.000689998	7	90	FALSE	LAS+		dwi	3	81	103	TRUE			0.75	j	4.2	0.0959097	FALSE	1.7142857313156128	1.7142857313156128	1.6999999284744263
				acquisition-dwi_datatype-fmap_direction-AP_fmap-epi_run-01_suffix-epi__1	acquisition-dwi_datatype-fmap_direction-AP_fmap-epi_run-01_suffix-epi	1				0	0	0	0	0	0	0	199	140	140	81	0.089	0.000689998	222	90	FALSE	LAS+		fmap		81	1	TRUE		1	0.75	j-	12.4	0.0959097	FALSE	1.7142857313156128	1.7142857313156128	1.7000000476837158
			acquisition-dwiVARIANTObliquity_datatype-fmap_direction-AP_fmap-epi_run-01_suffix-epi	acquisition-dwi_datatype-fmap_direction-AP_fmap-epi_run-01_suffix-epi__2	acquisition-dwi_datatype-fmap_direction-AP_fmap-epi_run-01_suffix-epi	2				0	0	0	0	0	0	0	23	140	140	81	0.089	0.000689998	222	90	FALSE	LAS+		fmap		81	1	FALSE		1	0.75	j-	12.4	0.0959097	FALSE	1.7142857313156128	1.7142857313156128	1.7000000476837158
				acquisition-dwi_datatype-fmap_direction-PA_fmap-epi_run-01_suffix-epi__1	acquisition-dwi_datatype-fmap_direction-PA_fmap-epi_run-01_suffix-epi	1				0	0	0	0	0	0	0	199	140	140	81	0.089	0.000689998	222	90	FALSE	LAS+		fmap		81	1	TRUE		1	0.75	j	12.4	0.0959097	FALSE	1.7142857313156128	1.7142857313156128	1.7000000476837158
			acquisition-dwiVARIANTObliquity_datatype-fmap_direction-PA_fmap-epi_run-01_suffix-epi	acquisition-dwi_datatype-fmap_direction-PA_fmap-epi_run-01_suffix-epi__2	acquisition-dwi_datatype-fmap_direction-PA_fmap-epi_run-01_suffix-epi	2				0	0	0	0	0	0	0	22	140	140	81	0.089	0.000689998	222	90	FALSE	LAS+		fmap		81	1	FALSE		1	0.75	j	12.4	0.0959097	FALSE	1.7142857313156128	1.7142857313156128	1.7000000476837158
			acquisition-dwiVARIANTPhaseEncodingDirectionObliquity_datatype-fmap_direction-PA_fmap-epi_run-01_suffix-epi	acquisition-dwi_datatype-fmap_direction-PA_fmap-epi_run-01_suffix-epi__3	acquisition-dwi_datatype-fmap_direction-PA_fmap-epi_run-01_suffix-epi	3				0	0	0	0	0	0	0	1	140	140	81	0.089	0.000689998	222	90	FALSE	LAS+		fmap		81	1	FALSE		1	0.75	j-	12.4	0.0959097	FALSE	1.7142857313156128	1.7142857313156128	1.7000000476837158
				acquisition-fmri_datatype-fmap_direction-PA_fmap-epi_run-01_suffix-epi__1	acquisition-fmri_datatype-fmap_direction-PA_fmap-epi_run-01_suffix-epi	1				0	0	0	0	0	0	0	187	90	90	60	0.08	0.000510012	212	90	FALSE	LAS+		fmap		60	1	TRUE		1	1	j	7.03	0.045391	FALSE	2.4000000953674316	2.4000000953674316	2.4000000953674316
			acquisition-fmriVARIANTObliquity_datatype-fmap_direction-PA_fmap-epi_run-01_suffix-epi	acquisition-fmri_datatype-fmap_direction-PA_fmap-epi_run-01_suffix-epi__2	acquisition-fmri_datatype-fmap_direction-PA_fmap-epi_run-01_suffix-epi	2				0	0	0	0	0	0	0	24	90	90	60	0.08	0.000510012	212	90	FALSE	LAS+		fmap		60	1	FALSE		1	1	j	7.03	0.045391	FALSE	2.4000000953674316	2.4000000953674316	2.4000000953674316
			acquisition-fmriVARIANTPhaseEncodingDirectionVoxelSizeDim1VoxelSizeDim2_datatype-fmap_direction-PA_fmap-epi_run-01_suffix-epi	acquisition-fmri_datatype-fmap_direction-PA_fmap-epi_run-01_suffix-epi__3	acquisition-fmri_datatype-fmap_direction-PA_fmap-epi_run-01_suffix-epi	3				0	0	0	0	1	1	0	1	90	90	60	0.08	0.000510012	212	90	FALSE	LAS+		fmap		60	1	TRUE		1	1	i-	7.03	0.045391	FALSE	3.288888931274414	3.288888931274414	2.4000000953674316
				acquisition-fmri_datatype-fmap_direction-AP_fmap-epi_run-01_suffix-epi__1	acquisition-fmri_datatype-fmap_direction-AP_fmap-epi_run-01_suffix-epi	1				0	0	0	0	0	0	0	187	90	90	60	0.08	0.000510012	211	90	FALSE	LAS+		fmap		60	1	TRUE		1	1	j-	7.03	0.045391	FALSE	2.4000000953674316	2.4000000953674316	2.4000000953674316
			acquisition-fmriVARIANTObliquity_datatype-fmap_direction-AP_fmap-epi_run-01_suffix-epi	acquisition-fmri_datatype-fmap_direction-AP_fmap-epi_run-01_suffix-epi__2	acquisition-fmri_datatype-fmap_direction-AP_fmap-epi_run-01_suffix-epi	2				0	0	0	0	0	0	0	24	90	90	60	0.08	0.000510012	211	90	FALSE	LAS+		fmap		60	1	FALSE		1	1	j-	7.03	0.045391	FALSE	2.4000000953674316	2.4000000953674316	2.4000000953674316
				acquisition-fmri_datatype-fmap_direction-AP_fmap-epi_run-02_suffix-epi__1	acquisition-fmri_datatype-fmap_direction-AP_fmap-epi_run-02_suffix-epi	1											1	90	90	60	0.08	0.000510012	1	90	FALSE	LAS+		fmap		60	1	TRUE		1	1	j-	7.03	0.045391	FALSE	2.4000000953674316	2.4000000953674316	2.4000000953674316
				acquisition-fmri_datatype-fmap_direction-PA_fmap-epi_run-02_suffix-epi__1	acquisition-fmri_datatype-fmap_direction-PA_fmap-epi_run-02_suffix-epi	1											1	90	90	60	0.08	0.000510012	1	90	FALSE	LAS+		fmap		60	1	TRUE		1	1	j	7.03	0.045391	FALSE	2.4000000953674316	2.4000000953674316	2.4000000953674316
				datatype-func_run-01_suffix-bold_task-rest__1	datatype-func_run-01_suffix-bold_task-rest	1				0	0	0	0	0	0	0	182	90	90	60	0.03	0.000510012	222	52	FALSE	LAS+		func	6	60	522	TRUE			1	j	0.8	0.045391	FALSE	2.4000000953674316	2.4000000953674316	2.4000000953674316
			acquisition-VARIANTObliquity_datatype-func_run-01_suffix-bold_task-rest	datatype-func_run-01_suffix-bold_task-rest__2	datatype-func_run-01_suffix-bold_task-rest	2				0	0	0	0	0	0	0	23	90	90	60	0.03	0.000510012	222	52	FALSE	LAS+		func	6	60	522	FALSE			1	j	0.8	0.045391	FALSE	2.4000000953674316	2.4000000953674316	2.3999998569488525
		0	acquisition-VARIANTNumVolumes_datatype-func_run-01_suffix-bold_task-rest	datatype-func_run-01_suffix-bold_task-rest__3	datatype-func_run-01_suffix-bold_task-rest	3				0	0	0	0	0	0	0	3	90	90	60	0.03	0.000510012	222	52	FALSE	LAS+		func	6	60	383	TRUE			1	j	0.8	0.045391	FALSE	2.4000000953674316	2.4000000953674316	2.4000000953674316
		0	acquisition-VARIANTNumVolumesObliquity_datatype-func_run-01_suffix-bold_task-rest	datatype-func_run-01_suffix-bold_task-rest__4	datatype-func_run-01_suffix-bold_task-rest	4				0	0	0	0	0	0	0	1	90	90	60	0.03	0.000510012	222	52	FALSE	LAS+		func	6	60	417	FALSE			1	j	0.8	0.045391	FALSE	2.4000000953674316	2.4000000953674316	2.3999998569488525
		0	acquisition-VARIANTNumVolumes_datatype-func_run-01_suffix-bold_task-rest	datatype-func_run-01_suffix-bold_task-rest__5	datatype-func_run-01_suffix-bold_task-rest	5				0	0	0	0	0	0	0	1	90	90	60	0.03	0.000510012	222	52	FALSE	LAS+		func	6	60	371	TRUE			1	j	0.8	0.045391	FALSE	2.4000000953674316	2.4000000953674316	2.4000000953674316
		0	acquisition-VARIANTEffectiveEchoSpacingTotalReadoutTimeNumVolumes_datatype-func_run-01_suffix-bold_task-rest	datatype-func_run-01_suffix-bold_task-rest__6	datatype-func_run-01_suffix-bold_task-rest	6				0	1	0	1	0	0	0	1	90	90	60	0.032	0.000540003	222	52	FALSE	LAS+		func	6	60	359	TRUE			1	j	0.8	0.0480603	FALSE	2.4000000953674316	2.4000000953674316	2.4000000953674316
		0	acquisition-VARIANTNumVolumes_datatype-func_run-01_suffix-bold_task-rest	datatype-func_run-01_suffix-bold_task-rest__7	datatype-func_run-01_suffix-bold_task-rest	7				0	0	0	0	0	0	0	1	90	90	60	0.03	0.000510012	222	52	FALSE	LAS+		func	6	60	194	TRUE			1	j	0.8	0.045391	FALSE	2.4000000953674316	2.4000000953674316	2.4000000953674316
		0	acquisition-VARIANTNumVolumes_datatype-func_run-01_suffix-bold_task-rest	datatype-func_run-01_suffix-bold_task-rest__8	datatype-func_run-01_suffix-bold_task-rest	8				0	0	0	0	0	0	0	1	90	90	60	0.03	0.000510012	222	52	FALSE	LAS+		func	6	60	290	TRUE			1	j	0.8	0.045391	FALSE	2.4000000953674316	2.4000000953674316	2.4000000953674316
		0	acquisition-VARIANTNumVolumes_datatype-func_run-01_suffix-bold_task-rest	datatype-func_run-01_suffix-bold_task-rest__9	datatype-func_run-01_suffix-bold_task-rest	9				0	0	0	0	0	0	0	1	90	90	60	0.03	0.000510012	222	52	FALSE	LAS+		func	6	60	397	TRUE			1	j	0.8	0.045391	FALSE	2.4000000953674316	2.4000000953674316	2.4000000953674316
		0	acquisition-VARIANTNumVolumes_datatype-func_run-01_suffix-bold_task-rest	datatype-func_run-01_suffix-bold_task-rest__10	datatype-func_run-01_suffix-bold_task-rest	10				0	0	0	0	0	0	0	1	90	90	60	0.03	0.000510012	222	52	FALSE	LAS+		func	6	60	35	TRUE			1	j	0.8	0.045391	FALSE	2.4000000953674316	2.4000000953674316	2.4000000953674316
		0	acquisition-VARIANTNumVolumes_datatype-func_run-01_suffix-bold_task-rest	datatype-func_run-01_suffix-bold_task-rest__11	datatype-func_run-01_suffix-bold_task-rest	11				0	0	0	0	0	0	0	1	90	90	60	0.03	0.000510012	222	52	FALSE	LAS+		func	6	60	268	TRUE			1	j	0.8	0.045391	FALSE	2.4000000953674316	2.4000000953674316	2.4000000953674316
		0	acquisition-VARIANTNumVolumes_datatype-func_run-01_suffix-bold_task-rest	datatype-func_run-01_suffix-bold_task-rest__12	datatype-func_run-01_suffix-bold_task-rest	12				0	0	0	0	0	0	0	1	90	90	60	0.03	0.000510012	222	52	FALSE	LAS+		func	6	60	21	TRUE			1	j	0.8	0.045391	FALSE	2.4000000953674316	2.4000000953674316	2.4000000953674316
		0	acquisition-VARIANTNumVolumes_datatype-func_run-01_suffix-bold_task-rest	datatype-func_run-01_suffix-bold_task-rest__13	datatype-func_run-01_suffix-bold_task-rest	13				0	0	0	0	0	0	0	1	90	90	60	0.03	0.000510012	222	52	FALSE	LAS+		func	6	60	26	TRUE			1	j	0.8	0.045391	FALSE	2.4000000953674316	2.4000000953674316	2.4000000953674316
		0	acquisition-VARIANTNumVolumes_datatype-func_run-01_suffix-bold_task-rest	datatype-func_run-01_suffix-bold_task-rest__14	datatype-func_run-01_suffix-bold_task-rest	14				0	0	0	0	0	0	0	1	90	90	60	0.03	0.000510012	222	52	FALSE	LAS+		func	6	60	108	TRUE			1	j	0.8	0.045391	FALSE	2.4000000953674316	2.4000000953674316	2.3999998569488525
		0	acquisition-VARIANTNumVolumes_datatype-func_run-01_suffix-bold_task-rest	datatype-func_run-01_suffix-bold_task-rest__15	datatype-func_run-01_suffix-bold_task-rest	15				0	0	0	0	0	0	0	1	90	90	60	0.03	0.000510012	222	52	FALSE	LAS+		func	6	60	478	TRUE			1	j	0.8	0.045391	FALSE	2.4000000953674316	2.4000000953674316	2.4000000953674316
		0	acquisition-VARIANTNumVolumes_datatype-func_run-01_suffix-bold_task-rest	datatype-func_run-01_suffix-bold_task-rest__16	datatype-func_run-01_suffix-bold_task-rest	16				0	0	0	0	0	0	0	1	90	90	60	0.03	0.000510012	222	52	FALSE	LAS+		func	6	60	457	TRUE			1	j	0.8	0.045391	FALSE	2.4000000953674316	2.4000000953674316	2.4000000953674316
		0	acquisition-VARIANTNumVolumes_datatype-func_run-01_suffix-bold_task-rest	datatype-func_run-01_suffix-bold_task-rest__17	datatype-func_run-01_suffix-bold_task-rest	17				0	0	0	0	0	0	0	1	90	90	60	0.03	0.000510012	222	52	FALSE	LAS+		func	6	60	431	TRUE			1	j	0.8	0.045391	FALSE	2.4000000953674316	2.4000000953674316	2.3999998569488525
				datatype-func_run-01_suffix-bold_task-nback__1	datatype-func_run-01_suffix-bold_task-nback	1				0	0	0	0	0	0	0	177	90	90	60	0.03	0.000510012	211	52	FALSE	LAS+		func	6	60	522	TRUE			1	j	0.8	0.045391	FALSE	2.4000000953674316	2.4000000953674316	2.4000000953674316
			acquisition-VARIANTObliquity_datatype-func_run-01_suffix-bold_task-nback	datatype-func_run-01_suffix-bold_task-nback__2	datatype-func_run-01_suffix-bold_task-nback	2				0	0	0	0	0	0	0	20	90	90	60	0.03	0.000510012	211	52	FALSE	LAS+		func	6	60	522	FALSE			1	j	0.8	0.045391	FALSE	2.4000000953674316	2.4000000953674316	2.3999998569488525
			acquisition-VARIANTNumVolumes_datatype-func_run-01_suffix-bold_task-nback	datatype-func_run-01_suffix-bold_task-nback__3	datatype-func_run-01_suffix-bold_task-nback	3				0	0	0	0	0	0	0	1	90	90	60	0.03	0.000510012	211	52	FALSE	LAS+		func	6	60	521	TRUE			1	j	0.8	0.045391	FALSE	2.4000000953674316	2.4000000953674316	2.4000000953674316
		0	acquisition-VARIANTNumVolumes_datatype-func_run-01_suffix-bold_task-nback	datatype-func_run-01_suffix-bold_task-nback__4	datatype-func_run-01_suffix-bold_task-nback	4				0	0	0	0	0	0	0	1	90	90	60	0.03	0.000510012	211	52	FALSE	LAS+		func	6	60	429	TRUE			1	j	0.8	0.045391	FALSE	2.4000000953674316	2.4000000953674316	2.4000000953674316
			acquisition-VARIANTNumVolumes_datatype-func_run-01_suffix-bold_task-nback	datatype-func_run-01_suffix-bold_task-nback__5	datatype-func_run-01_suffix-bold_task-nback	5				0	0	0	0	0	0	0	1	90	90	60	0.03	0.000510012	211	52	FALSE	LAS+		func	6	60	500	TRUE			1	j	0.8	0.045391	FALSE	2.4000000953674316	2.4000000953674316	2.4000000953674316
		0	acquisition-VARIANTNumVolumesObliquity_datatype-func_run-01_suffix-bold_task-nback	datatype-func_run-01_suffix-bold_task-nback__6	datatype-func_run-01_suffix-bold_task-nback	6				0	0	0	0	0	0	0	1	90	90	60	0.03	0.000510012	211	52	FALSE	LAS+		func	6	60	12	FALSE			1	j	0.8	0.045391	FALSE	2.4000000953674316	2.4000000953674316	2.4000000953674316
		0	acquisition-VARIANTNumVolumes_datatype-func_run-01_suffix-bold_task-nback	datatype-func_run-01_suffix-bold_task-nback__7	datatype-func_run-01_suffix-bold_task-nback	7				0	0	0	0	0	0	0	1	90	90	60	0.03	0.000510012	211	52	FALSE	LAS+		func	6	60	477	TRUE			1	j	0.8	0.045391	FALSE	2.4000000953674316	2.4000000953674316	2.4000000953674316
		0	acquisition-VARIANTNumVolumesObliquity_datatype-func_run-01_suffix-bold_task-nback	datatype-func_run-01_suffix-bold_task-nback__8	datatype-func_run-01_suffix-bold_task-nback	8				0	0	0	0	0	0	0	1	90	90	60	0.03	0.000510012	211	52	FALSE	LAS+		func	6	60	119	FALSE			1	j	0.8	0.045391	FALSE	2.4000000953674316	2.4000000953674316	2.3999998569488525
		0	acquisition-VARIANTNumVolumes_datatype-func_run-01_suffix-bold_task-nback	datatype-func_run-01_suffix-bold_task-nback__9	datatype-func_run-01_suffix-bold_task-nback	9				0	0	0	0	0	0	0	1	90	90	60	0.03	0.000510012	211	52	FALSE	LAS+		func	6	60	387	TRUE			1	j	0.8	0.045391	FALSE	2.4000000953674316	2.4000000953674316	2.4000000953674316
		0	acquisition-VARIANTNumVolumes_datatype-func_run-01_suffix-bold_task-nback	datatype-func_run-01_suffix-bold_task-nback__10	datatype-func_run-01_suffix-bold_task-nback	10				0	0	0	0	0	0	0	1	90	90	60	0.03	0.000510012	211	52	FALSE	LAS+		func	6	60	89	TRUE			1	j	0.8	0.045391	FALSE	2.4000000953674316	2.4000000953674316	2.3999998569488525
		0	acquisition-VARIANTNumVolumesObliquity_datatype-func_run-01_suffix-bold_task-nback	datatype-func_run-01_suffix-bold_task-nback__11	datatype-func_run-01_suffix-bold_task-nback	11				0	0	0	0	0	0	0	1	90	90	60	0.03	0.000510012	211	52	FALSE	LAS+		func	6	60	166	FALSE			1	j	0.8	0.045391	FALSE	2.4000000953674316	2.4000000953674316	2.4000000953674316
		0	acquisition-VARIANTNumVolumes_datatype-func_run-01_suffix-bold_task-nback	datatype-func_run-01_suffix-bold_task-nback__12	datatype-func_run-01_suffix-bold_task-nback	12				0	0	0	0	0	0	0	1	90	90	60	0.03	0.000510012	211	52	FALSE	LAS+		func	6	60	173	TRUE			1	j	0.8	0.045391	FALSE	2.4000000953674316	2.4000000953674316	2.3999998569488525
		0	acquisition-VARIANTNumVolumes_datatype-func_run-01_suffix-bold_task-nback	datatype-func_run-01_suffix-bold_task-nback__13	datatype-func_run-01_suffix-bold_task-nback	13				0	0	0	0	0	0	0	1	90	90	60	0.03	0.000510012	211	52	FALSE	LAS+		func	6	60	80	TRUE			1	j	0.8	0.045391	FALSE	2.4000000953674316	2.4000000953674316	2.3999998569488525
			acquisition-VARIANTNumVolumes_datatype-func_run-01_suffix-bold_task-nback	datatype-func_run-01_suffix-bold_task-nback__14	datatype-func_run-01_suffix-bold_task-nback	14				0	0	0	0	0	0	0	1	90	90	60	0.03	0.000510012	211	52	FALSE	LAS+		func	6	60	511	TRUE			1	j	0.8	0.045391	FALSE	2.4000000953674316	2.4000000953674316	2.4000000953674316
		0	acquisition-VARIANTNumVolumesObliquity_datatype-func_run-01_suffix-bold_task-nback	datatype-func_run-01_suffix-bold_task-nback__15	datatype-func_run-01_suffix-bold_task-nback	15				0	0	0	0	0	0	0	1	90	90	60	0.03	0.000510012	211	52	FALSE	LAS+		func	6	60	83	FALSE			1	j	0.8	0.045391	FALSE	2.4000000953674316	2.4000000953674316	2.3999998569488525
		0	acquisition-VARIANTNumVolumes_datatype-func_run-01_suffix-bold_task-nback	datatype-func_run-01_suffix-bold_task-nback__16	datatype-func_run-01_suffix-bold_task-nback	16				0	0	0	0	0	0	0	1	90	90	60	0.03	0.000510012	211	52	FALSE	LAS+		func	6	60	482	TRUE			1	j	0.8	0.045391	FALSE	2.4000000953674316	2.4000000953674316	2.3999998569488525
				datatype-func_run-02_suffix-bold_task-rest__1	datatype-func_run-02_suffix-bold_task-rest	1				0	0	0	0	0	0	0	167	90	90	60	0.03	0.000510012	205	52	FALSE	LAS+		func	6	60	383	TRUE			1	j	0.8	0.045391	FALSE	2.4000000953674316	2.4000000953674316	2.4000000953674316
			acquisition-VARIANTObliquity_datatype-func_run-02_suffix-bold_task-rest	datatype-func_run-02_suffix-bold_task-rest__2	datatype-func_run-02_suffix-bold_task-rest	2				0	0	0	0	0	0	0	21	90	90	60	0.03	0.000510012	205	52	FALSE	LAS+		func	6	60	383	FALSE			1	j	0.8	0.045391	FALSE	2.4000000953674316	2.4000000953674316	2.3999998569488525
			acquisition-VARIANTNumVolumes_datatype-func_run-02_suffix-bold_task-rest	datatype-func_run-02_suffix-bold_task-rest__3	datatype-func_run-02_suffix-bold_task-rest	3				0	0	0	0	0	0	0	9	90	90	60	0.03	0.000510012	205	52	FALSE	LAS+		func	6	60	522	TRUE			1	j	0.8	0.045391	FALSE	2.4000000953674316	2.4000000953674316	2.4000000953674316
			acquisition-VARIANTNumVolumesObliquity_datatype-func_run-02_suffix-bold_task-rest	datatype-func_run-02_suffix-bold_task-rest__4	datatype-func_run-02_suffix-bold_task-rest	4				0	0	0	0	0	0	0	1	90	90	60	0.03	0.000510012	205	52	FALSE	LAS+		func	6	60	522	FALSE			1	j	0.8	0.045391	FALSE	2.4000000953674316	2.4000000953674316	2.3999998569488525
		0	acquisition-VARIANTNumVolumes_datatype-func_run-02_suffix-bold_task-rest	datatype-func_run-02_suffix-bold_task-rest__5	datatype-func_run-02_suffix-bold_task-rest	5				0	0	0	0	0	0	0	1	90	90	60	0.03	0.000510012	205	52	FALSE	LAS+		func	6	60	57	TRUE			1	j	0.8	0.045391	FALSE	2.4000000953674316	2.4000000953674316	2.3999998569488525
		0	acquisition-VARIANTNumVolumes_datatype-func_run-02_suffix-bold_task-rest	datatype-func_run-02_suffix-bold_task-rest__6	datatype-func_run-02_suffix-bold_task-rest	6				0	0	0	0	0	0	0	1	90	90	60	0.03	0.000510012	205	52	FALSE	LAS+		func	6	60	107	TRUE			1	j	0.8	0.045391	FALSE	2.4000000953674316	2.4000000953674316	2.4000000953674316
		0	acquisition-VARIANTNumVolumes_datatype-func_run-02_suffix-bold_task-rest	datatype-func_run-02_suffix-bold_task-rest__7	datatype-func_run-02_suffix-bold_task-rest	7				0	0	0	0	0	0	0	1	90	90	60	0.03	0.000510012	205	52	FALSE	LAS+		func	6	60	358	TRUE			1	j	0.8	0.045391	FALSE	2.4000000953674316	2.4000000953674316	2.4000000953674316
		0	acquisition-VARIANTNumVolumes_datatype-func_run-02_suffix-bold_task-rest	datatype-func_run-02_suffix-bold_task-rest__8	datatype-func_run-02_suffix-bold_task-rest	8				0	0	0	0	0	0	0	1	90	90	60	0.03	0.000510012	205	52	FALSE	LAS+		func	6	60	281	TRUE			1	j	0.8	0.045391	FALSE	2.4000000953674316	2.4000000953674316	2.4000000953674316
		0	acquisition-VARIANTNumVolumesObliquity_datatype-func_run-02_suffix-bold_task-rest	datatype-func_run-02_suffix-bold_task-rest__9	datatype-func_run-02_suffix-bold_task-rest	9				0	0	0	0	0	0	0	1	90	90	60	0.03	0.000510012	205	52	FALSE	LAS+		func	6	60	50	FALSE			1	j	0.8	0.045391	FALSE	2.4000000953674316	2.4000000953674316	2.4000000953674316
		0	acquisition-VARIANTNumVolumes_datatype-func_run-02_suffix-bold_task-rest	datatype-func_run-02_suffix-bold_task-rest__10	datatype-func_run-02_suffix-bold_task-rest	10				0	0	0	0	0	0	0	1	90	90	60	0.03	0.000510012	205	52	FALSE	LAS+		func	6	60	153	TRUE			1	j	0.8	0.045391	FALSE	2.4000000953674316	2.4000000953674316	2.4000000953674316
		0	acquisition-VARIANTNumVolumes_datatype-func_run-02_suffix-bold_task-rest	datatype-func_run-02_suffix-bold_task-rest__11	datatype-func_run-02_suffix-bold_task-rest	11				0	0	0	0	0	0	0	1	90	90	60	0.03	0.000510012	205	52	FALSE	LAS+		func	6	60	219	TRUE			1	j	0.8	0.045391	FALSE	2.4000000953674316	2.4000000953674316	2.4000000953674316
				datatype-func_run-02_suffix-bold_task-nback__1	datatype-func_run-02_suffix-bold_task-nback	1				0	0	0	0	0	0	0	10	90	90	60	0.03	0.000510012	14	52	FALSE	LAS+		func	6	60	522	TRUE			1	j	0.8	0.045391	FALSE	2.4000000953674316	2.4000000953674316	2.3999998569488525
			acquisition-VARIANTObliquity_datatype-func_run-02_suffix-bold_task-nback	datatype-func_run-02_suffix-bold_task-nback__2	datatype-func_run-02_suffix-bold_task-nback	2				0	0	0	0	0	0	0	3	90	90	60	0.03	0.000510012	14	52	FALSE	LAS+		func	6	60	522	FALSE			1	j	0.8	0.045391	FALSE	2.4000000953674316	2.4000000953674316	2.3999998569488525
		0	acquisition-VARIANTNumVolumes_datatype-func_run-02_suffix-bold_task-nback	datatype-func_run-02_suffix-bold_task-nback__3	datatype-func_run-02_suffix-bold_task-nback	3				0	0	0	0	0	0	0	1	90	90	60	0.03	0.000510012	14	52	FALSE	LAS+		func	6	60	389	TRUE			1	j	0.8	0.045391	FALSE	2.4000000953674316	2.4000000953674316	2.3999998569488525
				datatype-func_run-03_suffix-bold_task-rest__1	datatype-func_run-03_suffix-bold_task-rest	1				0	0	0	0	0	0	0	8	90	90	60	0.03	0.000510012	11	52	FALSE	LAS+		func	6	60	383	TRUE			1	j	0.8	0.045391	FALSE	2.4000000953674316	2.4000000953674316	2.4000000953674316
			acquisition-VARIANTObliquity_datatype-func_run-03_suffix-bold_task-rest	datatype-func_run-03_suffix-bold_task-rest__2	datatype-func_run-03_suffix-bold_task-rest	2				0	0	0	0	0	0	0	2	90	90	60	0.03	0.000510012	11	52	FALSE	LAS+		func	6	60	383	FALSE			1	j	0.8	0.045391	FALSE	2.4000000953674316	2.4000000953674316	2.3999998569488525
			acquisition-VARIANTNumVolumes_datatype-func_run-03_suffix-bold_task-rest	datatype-func_run-03_suffix-bold_task-rest__3	datatype-func_run-03_suffix-bold_task-rest	3				0	0	0	0	0	0	0	1	90	90	60	0.03	0.000510012	11	52	FALSE	LAS+		func	6	60	522	TRUE			1	j	0.8	0.045391	FALSE	2.4000000953674316	2.4000000953674316	2.4000000953674316
				datatype-func_run-03_suffix-bold_task-nback__1	datatype-func_run-03_suffix-bold_task-nback	1											1	90	90	60	0.03	0.000510012	1	52	FALSE	LAS+		func	6	60	123	TRUE			1	j	0.8	0.045391	FALSE	2.4000000953674316	2.4000000953674316	2.3999998569488525
				echo-1_run-01_suffix-qsm__1	echo-1_run-01_suffix-qsm	1				0		0		0	0	0	181	120	160	96	0.0075		181	15	FALSE	RAS+		other		0	1	FALSE		2	1	i	0.035		FALSE	1.5	1.5	1.5
				echo-1_run-02_suffix-qsm__1	echo-1_run-02_suffix-qsm	1				0		0		0	0	0	181	120	160	96	0.0075		181	15	FALSE	RAS+		other		0	1	FALSE		2	1	i	0.035		FALSE	1.5	1.5	1.5
				echo-2_run-01_suffix-qsm__1	echo-2_run-01_suffix-qsm	1				0		0		0	0	0	181	120	160	96	0.015		181	15	FALSE	RAS+		other		0	1	FALSE		2	1	i	0.035		FALSE	1.5	1.5	1.5
				echo-2_run-02_suffix-qsm__1	echo-2_run-02_suffix-qsm	1				0		0		0	0	0	181	120	160	96	0.015		181	15	FALSE	RAS+		other		0	1	FALSE		2	1	i	0.035		FALSE	1.5	1.5	1.5
				echo-3_run-01_suffix-qsm__1	echo-3_run-01_suffix-qsm	1				0		0		0	0	0	181	120	160	96	0.0225		181	15	FALSE	RAS+		other		0	1	FALSE		2	1	i	0.035		FALSE	1.5	1.5	1.5
				echo-3_run-02_suffix-qsm__1	echo-3_run-02_suffix-qsm	1				0		0		0	0	0	181	120	160	96	0.0225		181	15	FALSE	RAS+		other		0	1	FALSE		2	1	i	0.035		FALSE	1.5	1.5	1.5
				echo-4_run-01_suffix-qsm__1	echo-4_run-01_suffix-qsm	1				0		0		0	0	0	181	120	160	96	0.03		181	15	FALSE	RAS+		other		0	1	FALSE		2	1	i	0.035		FALSE	1.5	1.5	1.5
				echo-4_run-02_suffix-qsm__1	echo-4_run-02_suffix-qsm	1				0		0		0	0	0	181	120	160	96	0.03		181	15	FALSE	RAS+		other		0	1	FALSE		2	1	i	0.035		FALSE	1.5	1.5	1.5
				datatype-perf_run-01_suffix-asl__1	datatype-perf_run-01_suffix-asl	1	PCASL	TRUE	2	0		0		0	0	0	111	64	64	32	0.01003		189	90	FALSE	LAS+	Separate	perf		0	80	FALSE	unbalanced		1		4.29842		FALSE	3.75	3.75	3.75
			acquisition-VARIANTEffectiveEchoSpacingRepetitionTimeTotalReadoutTime_datatype-perf_run-01_suffix-asl	datatype-perf_run-01_suffix-asl__2	datatype-perf_run-01_suffix-asl	2	PCASL	TRUE	2	0		2		0	0	0	66	64	64	32	0.01003		189	90	FALSE	LAS+	Separate	perf		0	80	FALSE	unbalanced		1		4.29845		FALSE	3.75	3.75	3.75
			acquisition-VARIANTEffectiveEchoSpacingRepetitionTimeTotalReadoutTime_datatype-perf_run-01_suffix-asl	datatype-perf_run-01_suffix-asl__3	datatype-perf_run-01_suffix-asl	3	PCASL	TRUE	2	0		11		0	0	0	1	64	64	32	0.01003		189	90	FALSE	LAS+	Separate	perf		0	80	FALSE	unbalanced		1		5.28614		FALSE	3.75	3.75	3.75
			acquisition-VARIANTEffectiveEchoSpacingRepetitionTimeTotalReadoutTimeNumVolumes_datatype-perf_run-01_suffix-asl	datatype-perf_run-01_suffix-asl__4	datatype-perf_run-01_suffix-asl	4	PCASL	TRUE	2	0		7		0	0	0	1	64	64	32	0.01003		189	90	FALSE	LAS+	Separate	perf		0	7	FALSE	unbalanced		1		10.0483		FALSE	3.75	3.75	3.75
			acquisition-VARIANTEffectiveEchoSpacingRepetitionTimeTotalReadoutTime_datatype-perf_run-01_suffix-asl	datatype-perf_run-01_suffix-asl__5	datatype-perf_run-01_suffix-asl	5	PCASL	TRUE	2	0		12		0	0	0	1	64	64	32	0.01003		189	90	FALSE	LAS+	Separate	perf		0	80	FALSE	unbalanced		1		4.47108		FALSE	3.75	3.75	3.75
			acquisition-VARIANTEffectiveEchoSpacingRepetitionTimeTotalReadoutTime_datatype-perf_run-01_suffix-asl	datatype-perf_run-01_suffix-asl__6	datatype-perf_run-01_suffix-asl	6	PCASL	TRUE	2	0		8		0	0	0	1	64	64	32	0.01003		189	90	FALSE	LAS+	Separate	perf		0	80	FALSE	unbalanced		1		5.75174		FALSE	3.75	3.75	3.75
			acquisition-VARIANTEffectiveEchoSpacingRepetitionTimeTotalReadoutTime_datatype-perf_run-01_suffix-asl	datatype-perf_run-01_suffix-asl__7	datatype-perf_run-01_suffix-asl	7	PCASL	TRUE	2	0		13		0	0	0	1	64	64	32	0.01003		189	90	FALSE	LAS+	Separate	perf		0	80	FALSE	unbalanced		1		6.78522		FALSE	3.75	3.75	3.75
			acquisition-VARIANTEffectiveEchoSpacingRepetitionTimeTotalReadoutTime_datatype-perf_run-01_suffix-asl	datatype-perf_run-01_suffix-asl__8	datatype-perf_run-01_suffix-asl	8	PCASL	TRUE	2	0		9		0	0	0	1	64	64	32	0.01003		189	90	FALSE	LAS+	Separate	perf		0	80	FALSE	unbalanced		1		4.36497		FALSE	3.75	3.75	3.75
			acquisition-VARIANTEffectiveEchoSpacingRepetitionTimeTotalReadoutTimeNumVolumes_datatype-perf_run-01_suffix-asl	datatype-perf_run-01_suffix-asl__9	datatype-perf_run-01_suffix-asl	9	PCASL	TRUE	2	0		5		0	0	0	1	64	64	32	0.01003		189	90	FALSE	LAS+	Separate	perf		0	51	FALSE	unbalanced		1		4.47155		FALSE	3.75	3.75	3.75
			acquisition-VARIANTEffectiveEchoSpacingRepetitionTimeTotalReadoutTimeNumVolumes_datatype-perf_run-01_suffix-asl	datatype-perf_run-01_suffix-asl__10	datatype-perf_run-01_suffix-asl	10	PCASL	TRUE	2	0		6		0	0	0	1	64	64	32	0.01003		189	90	FALSE	LAS+	Separate	perf		0	49	FALSE	unbalanced		1		4.49115		FALSE	3.75	3.75	3.75
			acquisition-VARIANTEffectiveEchoSpacingRepetitionTimeTotalReadoutTime_datatype-perf_run-01_suffix-asl	datatype-perf_run-01_suffix-asl__11	datatype-perf_run-01_suffix-asl	11	PCASL	TRUE	2	0		3		0	0	0	1	64	64	32	0.01003		189	90	FALSE	LAS+	Separate	perf		0	80	FALSE	unbalanced		1		4.92427		FALSE	3.75	3.75	3.75
			acquisition-VARIANTEffectiveEchoSpacingRepetitionTimeTotalReadoutTime_datatype-perf_run-01_suffix-asl	datatype-perf_run-01_suffix-asl__12	datatype-perf_run-01_suffix-asl	12	PCASL	TRUE	2	0		10		0	0	0	1	64	64	32	0.01003		189	90	FALSE	LAS+	Separate	perf		0	80	FALSE	unbalanced		1		5.62785		FALSE	3.75	3.75	3.75
			acquisition-VARIANTEffectiveEchoSpacingRepetitionTimeTotalReadoutTime_datatype-perf_run-01_suffix-asl	datatype-perf_run-01_suffix-asl__13	datatype-perf_run-01_suffix-asl	13	PCASL	TRUE	2	0		4		0	0	0	1	64	64	32	0.01003		189	90	FALSE	LAS+	Separate	perf		0	80	FALSE	unbalanced		1		4.75427		FALSE	3.75	3.75	3.75
			acquisition-VARIANTEffectiveEchoSpacingRepetitionTimeTotalReadoutTimeNumVolumes_datatype-perf_run-01_suffix-asl	datatype-perf_run-01_suffix-asl__14	datatype-perf_run-01_suffix-asl	14	PCASL	TRUE	2	0		1		0	0	0	1	64	64	32	0.01003		189	90	FALSE	LAS+	Separate	perf		0	47	FALSE	unbalanced		1		4.5125		FALSE	3.75	3.75	3.75
				datatype-perf_run-01_suffix-m0scan__1	datatype-perf_run-01_suffix-m0scan	1				0		0		0	0	0	180	64	64	32	0.01003		189	90	FALSE	LAS+		perf		0	2	FALSE			1		4		TRUE	3.75	3.75	3.75
			acquisition-VARIANTEffectiveEchoSpacingRepetitionTimeTotalReadoutTime_datatype-perf_run-01_suffix-m0scan	datatype-perf_run-01_suffix-m0scan__2	datatype-perf_run-01_suffix-m0scan	2				0		9		0	0	0	1	64	64	32	0.01003		189	90	FALSE	LAS+		perf		0	2	FALSE			1		4.9633		TRUE	3.75	3.75	3.75
			acquisition-VARIANTEffectiveEchoSpacingRepetitionTimeTotalReadoutTime_datatype-perf_run-01_suffix-m0scan	datatype-perf_run-01_suffix-m0scan__3	datatype-perf_run-01_suffix-m0scan	3				0		5		0	0	0	1	64	64	32	0.01003		189	90	FALSE	LAS+		perf		0	2	FALSE			1		5.5897		TRUE	3.75	3.75	3.75
			acquisition-VARIANTEffectiveEchoSpacingRepetitionTimeTotalReadoutTime_datatype-perf_run-01_suffix-m0scan	datatype-perf_run-01_suffix-m0scan__4	datatype-perf_run-01_suffix-m0scan	4				0		6		0	0	0	1	64	64	32	0.01003		189	90	FALSE	LAS+		perf		0	2	FALSE			1		4.1684		TRUE	3.75	3.75	3.75
			acquisition-VARIANTEffectiveEchoSpacingRepetitionTimeTotalReadoutTime_datatype-perf_run-01_suffix-m0scan	datatype-perf_run-01_suffix-m0scan__5	datatype-perf_run-01_suffix-m0scan	5				0		8		0	0	0	1	64	64	32	0.01003		189	90	FALSE	LAS+		perf		0	2	FALSE			1		5.4174		TRUE	3.75	3.75	3.75
			acquisition-VARIANTEffectiveEchoSpacingRepetitionTimeTotalReadoutTime_datatype-perf_run-01_suffix-m0scan	datatype-perf_run-01_suffix-m0scan__6	datatype-perf_run-01_suffix-m0scan	6				0		2		0	0	0	1	64	64	32	0.01003		189	90	FALSE	LAS+		perf		0	2	FALSE			1		6.4254		TRUE	3.75	3.75	3.75
			acquisition-VARIANTEffectiveEchoSpacingRepetitionTimeTotalReadoutTime_datatype-perf_run-01_suffix-m0scan	datatype-perf_run-01_suffix-m0scan__7	datatype-perf_run-01_suffix-m0scan	7				0		4		0	0	0	1	64	64	32	0.01003		189	90	FALSE	LAS+		perf		0	2	FALSE			1		4.0649		TRUE	3.75	3.75	3.75
			acquisition-VARIANTEffectiveEchoSpacingRepetitionTimeTotalReadoutTime_datatype-perf_run-01_suffix-m0scan	datatype-perf_run-01_suffix-m0scan__8	datatype-perf_run-01_suffix-m0scan	8				0		7		0	0	0	1	64	64	32	0.01003		189	90	FALSE	LAS+		perf		0	2	FALSE			1		4.6104		TRUE	3.75	3.75	3.75
			acquisition-VARIANTEffectiveEchoSpacingRepetitionTimeTotalReadoutTime_datatype-perf_run-01_suffix-m0scan	datatype-perf_run-01_suffix-m0scan__9	datatype-perf_run-01_suffix-m0scan	9				0		3		0	0	0	1	64	64	32	0.01003		189	90	FALSE	LAS+		perf		0	2	FALSE			1		5.2966		TRUE	3.75	3.75	3.75
			acquisition-VARIANTEffectiveEchoSpacingRepetitionTimeTotalReadoutTime_datatype-perf_run-01_suffix-m0scan	datatype-perf_run-01_suffix-m0scan__10	datatype-perf_run-01_suffix-m0scan	10				0		1		0	0	0	1	64	64	32	0.01003		189	90	FALSE	LAS+		perf		0	2	FALSE			1		4.4446		TRUE	3.75	3.75	3.75
				datatype-perf_run-02_suffix-asl__1	datatype-perf_run-02_suffix-asl	1	PCASL	TRUE	2	0		0		0	0	0	2	64	64	32	0.01003		4	90	FALSE	LAS+	Separate	perf		0	80	FALSE	unbalanced		1		4.29842		FALSE	3.75	3.75	3.75
			acquisition-VARIANTEffectiveEchoSpacingRepetitionTimeTotalReadoutTime_datatype-perf_run-02_suffix-asl	datatype-perf_run-02_suffix-asl__2	datatype-perf_run-02_suffix-asl	2	PCASL	TRUE	2	0		1		0	0	0	1	64	64	32	0.01003		4	90	FALSE	LAS+	Separate	perf		0	80	FALSE	unbalanced		1		5.92839		FALSE	3.75	3.75	3.75
			acquisition-VARIANTEffectiveEchoSpacingRepetitionTimeTotalReadoutTimeNumVolumes_datatype-perf_run-02_suffix-asl	datatype-perf_run-02_suffix-asl__3	datatype-perf_run-02_suffix-asl	3	PCASL	TRUE	2	0		2		0	0	0	1	64	64	32	0.01003		4	90	FALSE	LAS+	Separate	perf		0	60	FALSE	unbalanced		1		4.39958		FALSE	3.75	3.75	3.75
				datatype-perf_run-02_suffix-m0scan__1	datatype-perf_run-02_suffix-m0scan	1				0		0		0	0	0	3	64	64	32	0.01003		4	90	FALSE	LAS+		perf		0	2	FALSE			1		4		TRUE	3.75	3.75	3.75
			acquisition-VARIANTEffectiveEchoSpacingRepetitionTimeTotalReadoutTime_datatype-perf_run-02_suffix-m0scan	datatype-perf_run-02_suffix-m0scan__2	datatype-perf_run-02_suffix-m0scan	2				0		1		0	0	0	1	64	64	32	0.01003		4	90	FALSE	LAS+		perf		0	2	FALSE			1		5.5897		TRUE	3.75	3.75	3.75